PUDID,StudyEvent,Occurrence,ItemGroupRepeatKey,HbA1c,HBA1CDAY
1390,Study Initiation,0,3,11.1,-45
1390,Study Initiation,0,2,9.0,0
1390,Study Initiation,0,1,6.0,115
1392,Study Initiation,0,2,10.7,-2
1392,Study Initiation,0,1,6.7,54
1393,Study Initiation,0,2,5.2,0
1393,Study Initiation,0,1,5.6,98
1394,Study Initiation,0,1,8.3,-48
1395,Study Initiation,0,2,7.9,0
1395,Study Initiation,0,1,10.4,-52
1396,Study Initiation,0,3,6.7,-103
1396,Study Initiation,0,2,6.3,-185
1396,Study Initiation,0,1,6.5,-306
1397,Study Initiation,0,4,6.5,101
1397,Study Initiation,0,3,6.7,0
1397,Study Initiation,0,2,7.1,-135
1397,Study Initiation,0,1,6.3,-210
1398,Study Initiation,0,2,10.5,27
1398,Study Initiation,0,1,13.7,-1
1399,Study Initiation,0,1,10.6,-74
1400,Study Initiation,0,3,6.9,212
1400,Study Initiation,0,2,7.9,128
1400,Study Initiation,0,1,8.3,0
1401,Study Initiation,0,4,7.7,-368
1401,Study Initiation,0,3,7.9,-250
1401,Study Initiation,0,2,7.8,-144
1401,Study Initiation,0,1,8.0,-42
1402,Study Initiation,0,2,8.2,30
1402,Study Initiation,0,1,7.1,-259
1403,Study Initiation,0,3,8.1,-126
1403,Study Initiation,0,4,9.5,0
1403,Study Initiation,0,2,10.6,-224
1403,Study Initiation,0,1,7.6,-315
1404,Study Initiation,0,1,12.5,0
1405,Study Initiation,0,4,6.6,341
1405,Study Initiation,0,3,6.5,243
1405,Study Initiation,0,2,6.1,152
1405,Study Initiation,0,1,7.8,0
1406,Study Initiation,0,1,9.6,-54
1407,Study Initiation,0,2,9.1,-112
1407,Study Initiation,0,4,7.7,91
1407,Study Initiation,0,3,8.5,0
1407,Study Initiation,0,1,9.6,-182
1409,Study Initiation,0,2,6.3,0
1409,Study Initiation,0,1,8.3,-47
1410,Study Initiation,0,5,9.8,0
1410,Study Initiation,0,4,7.8,-146
1410,Study Initiation,0,3,8.6,-212
1410,Study Initiation,0,2,8.2,-266
1410,Study Initiation,0,1,8.4,-352
1411,Study Initiation,0,4,11.4,105
1411,Study Initiation,0,3,11.6,0
1411,Study Initiation,0,2,10.7,-98
1411,Study Initiation,0,1,9.6,-189
1412,Study Initiation,0,3,6.8,0
1412,Study Initiation,0,2,7.2,-100
1412,Study Initiation,0,1,6.4,-282
1413,Study Initiation,0,2,7.9,-62
1413,Study Initiation,0,1,7.8,-292
1414,Study Initiation,0,1,7.3,-18
1415,Study Initiation,0,1,11.4,40
1416,Study Initiation,0,4,7.3,-98
1416,Study Initiation,0,1,7.2,-478
1416,Study Initiation,0,2,7.2,-366
1416,Study Initiation,0,3,7.4,-212
1417,Study Initiation,0,3,8.3,88
1417,Study Initiation,0,2,8.0,4
1417,Study Initiation,0,1,8.4,-35
1419,Study Initiation,0,1,8.3,0
1420,Study Initiation,0,2,9.3,34
1420,Study Initiation,0,1,13.9,0
1421,Study Initiation,0,2,8.7,0
1421,Study Initiation,0,1,5.9,91
1422,Study Initiation,0,3,10.1,-315
1422,Study Initiation,0,2,10.9,-168
1422,Study Initiation,0,1,13.0,-52
1423,Study Initiation,0,2,8.3,-145
1423,Study Initiation,0,3,8.8,0
1423,Study Initiation,0,1,11.7,-212
1424,Study Initiation,0,3,11.1,-94
1424,Study Initiation,0,2,10.0,-16
1424,Study Initiation,0,1,13.3,81
1424,Study Initiation,0,4,8.8,-178
1425,Study Initiation,0,2,7.6,-151
1425,Study Initiation,0,1,11.0,-214
1425,Study Initiation,0,3,6.3,-60
1427,Study Initiation,0,1,8.5,-32
1428,Study Initiation,0,2,7.1,0
1428,Study Initiation,0,3,6.5,-89
1428,Study Initiation,0,4,7.3,-208
1428,Study Initiation,0,1,7.6,108
1430,Study Initiation,0,2,7.2,37
1430,Study Initiation,0,1,9.1,0
1431,Study Initiation,0,1,14,-1
1432,Study Initiation,0,2,7.9,21
1432,Study Initiation,0,1,6.9,-91
1433,Study Initiation,0,1,7.9,64
1434,Study Initiation,0,4,8.5,-222
1434,Study Initiation,0,2,7.8,0
1434,Study Initiation,0,3,8.2,-70
1434,Study Initiation,0,1,8.3,91
1435,Study Initiation,0,1,10.8,0
1436,Study Initiation,0,2,13.0,0
1436,Study Initiation,0,1,9.3,32
1437,Study Initiation,0,3,6.3,-354
1437,Study Initiation,0,2,6.1,-167
1437,Study Initiation,0,1,6.0,-27
1438,Study Initiation,0,2,6.5,0
1438,Study Initiation,0,1,8.4,-48
1439,Study Initiation,0,3,6.3,1
1439,Study Initiation,0,2,6.2,-70
1439,Study Initiation,0,1,6.4,-203
1440,Study Initiation,0,2,9.6,-1
1440,Study Initiation,0,1,10.3,-98
1441,Study Initiation,0,1,10.5,0
1442,Study Initiation,0,1,7.5,0
1442,Study Initiation,0,2,7.4,84
1443,Study Initiation,0,2,7.7,-47
1443,Study Initiation,0,1,8.7,-154
1444,Study Initiation,0,1,7.7,-3
1445,Study Initiation,0,2,8.8,-294
1445,Study Initiation,0,1,8.4,-96
1446,Study Initiation,0,3,9.1,-261
1446,Study Initiation,0,2,9.7,-153
1446,Study Initiation,0,1,10.0,-2
1447,Study Initiation,0,4,6.8,0
1447,Study Initiation,0,1,6.2,-312
1447,Study Initiation,0,2,6.1,-217
1447,Study Initiation,0,3,6.9,-112
1448,Study Initiation,0,1,10.0,-64
1449,Study Initiation,0,2,7.6,-64
1449,Study Initiation,0,1,8.3,-115
1450,Study Initiation,0,2,8.0,91
1450,Study Initiation,0,1,9.2,0
1451,Study Initiation,0,2,10.5,0
1451,Study Initiation,0,1,7.6,63
1452,Study Initiation,0,1,6.8,55
1453,Study Initiation,0,1,8.93,0
1454,Study Initiation,0,1,7.5,1
1455,Study Initiation,0,4,12.3,-280
1455,Study Initiation,0,3,9.7,-246
1455,Study Initiation,0,2,10.9,-126
1455,Study Initiation,0,1,11.1,-8
1456,Study Initiation,0,1,9.7,0
1457,Study Initiation,0,2,8.4,-67
1457,Study Initiation,0,1,9.8,-130
1458,Study Initiation,0,3,8.2,22
1458,Study Initiation,0,2,9.5,-8
1458,Study Initiation,0,1,9.3,-8
1459,Study Initiation,0,1,7.8,35
1460,Study Initiation,0,3,8.0,-293
1460,Study Initiation,0,2,8.4,-159
1460,Study Initiation,0,1,7.8,-69
1461,Study Initiation,0,3,7.5,-269
1461,Study Initiation,0,2,7.6,-128
1461,Study Initiation,0,1,7.3,-10
1462,Study Initiation,0,1,7.2,0
1463,Study Initiation,0,1,8.1,0
1463,Study Initiation,0,2,6.7,28
1464,Study Initiation,0,1,9.3,-20
1465,Study Initiation,0,2,7.3,0
1465,Study Initiation,0,1,8.6,-55
1466,Study Initiation,0,1,13.8,-10
1467,Study Initiation,0,2,8.5,-128
1467,Study Initiation,0,1,8.2,-315
1468,Study Initiation,0,1,7.2,56
1469,Study Initiation,0,2,7.5,91
1469,Study Initiation,0,1,13.0,0
1470,Study Initiation,0,4,10.0,119
1470,Study Initiation,0,3,9.8,0
1470,Study Initiation,0,2,9.7,-112
1470,Study Initiation,0,1,10.3,-217
1471,Study Initiation,0,4,6.2,-350
1471,Study Initiation,0,3,6.2,-246
1471,Study Initiation,0,2,6.1,-135
1471,Study Initiation,0,1,6.3,-23
1472,Study Initiation,0,3,7.4,236
1472,Study Initiation,0,2,6.7,91
1472,Study Initiation,0,1,7.5,0
1473,Study Initiation,0,2,10.7,0
1473,Study Initiation,0,1,11.9,-91
1474,Study Initiation,0,2,7.7,-182
1474,Study Initiation,0,1,8.5,0
1474,Study Initiation,0,3,7.9,-348
1475,Study Initiation,0,2,7.5,0
1475,Study Initiation,0,1,7.9,-110
1476,Study Initiation,0,4,10.6,119
1476,Study Initiation,0,3,9.3,0
1476,Study Initiation,0,2,9.1,-112
1476,Study Initiation,0,1,7.8,-217
1477,Study Initiation,0,4,7.1,-286
1477,Study Initiation,0,3,7.8,-196
1477,Study Initiation,0,2,6.9,-97
1477,Study Initiation,0,1,7.8,-6
1478,Study Initiation,0,2,8.5,41
1478,Study Initiation,0,1,10.1,0
1479,Study Initiation,0,2,7.1,0
1479,Study Initiation,0,1,9.8,-39
1481,Study Initiation,0,2,11.6,-173
1481,Study Initiation,0,1,9.0,-48
1482,Study Initiation,0,1,10.9,-139
1484,Study Initiation,0,5,8.5,189
1484,Study Initiation,0,4,8.7,98
1484,Study Initiation,0,3,8.5,0
1484,Study Initiation,0,2,6.6,-84
1484,Study Initiation,0,1,6.9,-175
1485,Study Initiation,0,4,8.5,0
1485,Study Initiation,0,3,8.7,-96
1485,Study Initiation,0,2,8.8,-196
1485,Study Initiation,0,1,9.6,-245
1486,Study Initiation,0,2,7.9,-91
1486,Study Initiation,0,1,7.0,-210
1486,Study Initiation,0,3,6.7,0
1487,Study Initiation,0,1,8.4,-34
1487,Study Initiation,0,2,8.3,-160
1487,Study Initiation,0,3,8.2,-279
1488,Study Initiation,0,2,5.9,75
1488,Study Initiation,0,1,8.8,0
1489,Study Initiation,0,1,11.93,-29
1490,Study Initiation,0,2,12.3,-1
1490,Study Initiation,0,1,8.4,45
1491,Study Initiation,0,1,8.3,62
1492,Study Initiation,0,4,7.6,-335
1492,Study Initiation,0,3,9.4,-199
1492,Study Initiation,0,2,8.1,-104
1492,Study Initiation,0,1,9.7,-13
1493,Study Initiation,0,2,9.4,296
1493,Study Initiation,0,3,7.9,371
1493,Study Initiation,0,1,7.6,147
1494,Study Initiation,0,1,6.7,-7
1495,Study Initiation,0,4,8.2,-335
1495,Study Initiation,0,3,7.6,-108
1495,Study Initiation,0,2,8.1,-203
1495,Study Initiation,0,1,7.5,-296
1496,Study Initiation,0,5,8.0,0
1496,Study Initiation,0,4,8.9,-102
1496,Study Initiation,0,3,8.5,-172
1496,Study Initiation,0,2,8.1,-294
1496,Study Initiation,0,1,8.1,-363
1497,Study Initiation,0,2,8.2,-1
1497,Study Initiation,0,1,6.5,46
1498,Study Initiation,0,5,7.8,109
1498,Study Initiation,0,4,8.1,0
1498,Study Initiation,0,3,8.4,-63
1498,Study Initiation,0,2,8.1,-136
1498,Study Initiation,0,1,7.5,-213
1499,Study Initiation,0,3,10.3,212
1499,Study Initiation,0,2,11.1,128
1499,Study Initiation,0,1,10.8,0
1500,Study Initiation,0,5,6.7,104
1500,Study Initiation,0,4,6.5,0
1500,Study Initiation,0,3,6.2,-50
1500,Study Initiation,0,2,7.3,-103
1500,Study Initiation,0,1,14,-160
1501,Study Initiation,0,4,7.2,-23
1501,Study Initiation,0,3,7.6,-116
1501,Study Initiation,0,2,7.8,-240
1501,Study Initiation,0,1,8.0,-336
1502,Study Initiation,0,2,8.2,-147
1502,Study Initiation,0,4,9.9,-239
1502,Study Initiation,0,3,8.6,-198
1502,Study Initiation,0,1,9.3,0
1503,Study Initiation,0,1,8.3,0
1504,Study Initiation,0,2,6.1,103
1504,Study Initiation,0,1,6.9,0
1505,Study Initiation,0,1,14.0,0
1506,Study Initiation,0,1,7.3,0
1508,Study Initiation,0,1,8.1,-7
1509,Study Initiation,0,2,7.9,0
1509,Study Initiation,0,1,8.5,88
1510,Study Initiation,0,1,14.0,0
1511,Study Initiation,0,3,13.0,-1
1511,Study Initiation,0,2,7.0,41
1511,Study Initiation,0,1,5.7,111
1513,Study Initiation,0,3,10.3,-22
1513,Study Initiation,0,2,13.9,-134
1513,Study Initiation,0,1,13.3,-239
1515,Study Initiation,0,1,6.4,21
1516,Study Initiation,0,1,8.8,28
1517,Study Initiation,0,4,8.6,214
1517,Study Initiation,0,3,8.9,109
1517,Study Initiation,0,2,8.7,0
1517,Study Initiation,0,1,7.3,-94
1518,Study Initiation,0,2,7.0,42
1518,Study Initiation,0,1,7.7,-13
1519,Study Initiation,0,4,11.9,-348
1519,Study Initiation,0,3,11.1,-224
1519,Study Initiation,0,2,7.7,-162
1519,Study Initiation,0,1,9.1,-21
1520,Study Initiation,0,4,7.6,0
1520,Study Initiation,0,3,7.8,-91
1520,Study Initiation,0,2,8.8,-182
1520,Study Initiation,0,1,8.1,-273
1521,Study Initiation,0,2,8.7,0
1521,Study Initiation,0,3,8.3,121
1521,Study Initiation,0,1,8.6,-133
1522,Study Initiation,0,1,9.7,61
1523,Study Initiation,0,1,12.8,0
1524,Study Initiation,0,4,7.2,0
1524,Study Initiation,0,3,7.1,-98
1524,Study Initiation,0,2,8.6,-189
1524,Study Initiation,0,1,7.4,-280
1525,Study Initiation,0,1,7.0,0
1526,Study Initiation,0,1,8.3,-61
1527,Study Initiation,0,2,7.7,91
1527,Study Initiation,0,1,11.0,0
1528,Study Initiation,0,1,7.5,-273
1528,Study Initiation,0,2,7.2,0
1529,Study Initiation,0,4,8.4,-222
1529,Study Initiation,0,3,9.2,-119
1529,Study Initiation,0,1,8.3,107
1529,Study Initiation,0,2,8.0,0
1530,Study Initiation,0,3,9.7,0
1530,Study Initiation,0,2,8.2,33
1530,Study Initiation,0,1,7.1,138
1531,Study Initiation,0,3,7.8,0
1531,Study Initiation,0,2,8.3,-61
1531,Study Initiation,0,1,8.9,-197
1532,Study Initiation,0,3,6.7,0
1532,Study Initiation,0,2,6.7,-28
1532,Study Initiation,0,1,6.9,-84
1533,Study Initiation,0,3,9.5,191
1533,Study Initiation,0,2,8.8,105
1533,Study Initiation,0,1,7.9,-91
1534,Study Initiation,0,1,7.0,0
1535,Study Initiation,0,3,7.4,110
1535,Study Initiation,0,2,8.8,4
1535,Study Initiation,0,1,10.5,-42
1536,Study Initiation,0,1,7.5,0
1537,Study Initiation,0,1,9.0,-29
1538,Study Initiation,0,1,8.47,0
1539,Study Initiation,0,2,9.6,24
1539,Study Initiation,0,1,8.1,-2
1541,Study Initiation,0,1,7.7,-21
1542,Study Initiation,0,3,6.1,113
1542,Study Initiation,0,2,9.2,38
1542,Study Initiation,0,1,13.6,-3
1544,Study Initiation,0,1,7.7,-22
1545,Study Initiation,0,4,8.2,-206
1545,Study Initiation,0,1,8.3,0
1545,Study Initiation,0,2,8.9,-84
1545,Study Initiation,0,3,8.4,-143
1546,Study Initiation,0,3,7.9,-70
1546,Study Initiation,0,2,7.2,-146
1546,Study Initiation,0,1,6.8,-287
1547,Study Initiation,0,3,7.5,182
1547,Study Initiation,0,2,6.5,70
1547,Study Initiation,0,1,7.9,0
1548,Study Initiation,0,4,6.6,0
1548,Study Initiation,0,3,7.5,-107
1548,Study Initiation,0,2,7.9,-212
1548,Study Initiation,0,1,8.5,-247
1549,Study Initiation,0,2,8.8,21
1549,Study Initiation,0,1,11.3,-11
1550,Study Initiation,0,1,8.6,0
1551,Study Initiation,0,1,10.5,0
1552,Study Initiation,0,4,7.2,-51
1552,Study Initiation,0,5,6.9,0
1552,Study Initiation,0,2,9.6,-224
1552,Study Initiation,0,3,7.3,-182
1552,Study Initiation,0,1,12.1,-262
1553,Study Initiation,0,1,8.0,-46
1554,Study Initiation,0,1,11.8,0
1555,Study Initiation,0,1,7.1,-34
1556,Study Initiation,0,1,14,0
1557,Study Initiation,0,2,6.6,32
1557,Study Initiation,0,1,7.7,1
1558,Study Initiation,0,4,8.9,-301
1558,Study Initiation,0,3,6.5,-252
1558,Study Initiation,0,2,7.1,-157
1558,Study Initiation,0,1,9.0,0
1559,Study Initiation,0,4,8.7,96
1559,Study Initiation,0,3,7.4,0
1559,Study Initiation,0,2,8.8,-177
1559,Study Initiation,0,1,7.9,-251
1560,Study Initiation,0,1,8.7,0
1561,Study Initiation,0,2,10.2,27
1561,Study Initiation,0,1,12.8,-6
1562,Study Initiation,0,2,8.1,0
1562,Study Initiation,0,1,5.7,-137
1563,Study Initiation,0,8,6.3,-25
1563,Study Initiation,0,7,5.7,-284
1563,Study Initiation,0,6,5.5,-203
1563,Study Initiation,0,5,5.7,-122
1563,Study Initiation,0,4,6.0,-6
1563,Study Initiation,0,3,6.1,15
1563,Study Initiation,0,2,6.8,43
1563,Study Initiation,0,1,6.4,79
1564,Study Initiation,0,1,6.0,-26
1565,Study Initiation,0,3,6.5,0
1565,Study Initiation,0,1,7.1,-196
1565,Study Initiation,0,2,7.2,-105
1566,Study Initiation,0,1,7.0,0
1567,Study Initiation,0,2,12.4,0
1567,Study Initiation,0,1,8.1,40
1568,Study Initiation,0,1,6.8,-350
1568,Study Initiation,0,3,5.7,-166
1568,Study Initiation,0,2,7.0,-259
1568,Study Initiation,0,4,7.8,-63
1569,Study Initiation,0,1,11.8,0
1570,Study Initiation,0,1,10.7,0
1571,Study Initiation,0,4,8.5,-350
1571,Study Initiation,0,3,8.2,-252
1571,Study Initiation,0,2,8.0,-161
1571,Study Initiation,0,1,6.6,-47
1572,Study Initiation,0,1,10.8,1
1573,Study Initiation,0,3,8.0,-331
1573,Study Initiation,0,2,8.1,-217
1573,Study Initiation,0,1,7.7,-51
1574,Study Initiation,0,4,8.8,-331
1574,Study Initiation,0,3,7.3,-263
1574,Study Initiation,0,2,8,-121
1574,Study Initiation,0,1,9.2,-16
1575,Study Initiation,0,1,11.2,0
1576,Study Initiation,0,3,7.1,0
1576,Study Initiation,0,2,8.2,-221
1576,Study Initiation,0,1,8.4,-301
1577,Study Initiation,0,1,8.4,-355
1577,Study Initiation,0,3,8.7,-102
1577,Study Initiation,0,2,9.8,-228
1577,Study Initiation,0,4,8.9,0
1578,Study Initiation,0,1,7.9,-217
1578,Study Initiation,0,2,7.5,0
1579,Study Initiation,0,1,12.1,0
1580,Study Initiation,0,1,7.6,0
1580,Study Initiation,0,2,5.2,72
1581,Study Initiation,0,4,7.0,0
1581,Study Initiation,0,3,8.0,-127
1581,Study Initiation,0,2,7.9,-155
1581,Study Initiation,0,1,8.0,-188
1582,Study Initiation,0,1,8.4,-3
1583,Study Initiation,0,1,14.1,-2
1584,Study Initiation,0,1,7.0,-162
1585,Study Initiation,0,1,7.7,-39
1588,Study Initiation,0,1,12.0,-1
1589,Study Initiation,0,1,7.9,73
1590,Study Initiation,0,1,8.1,-1
1591,Study Initiation,0,5,9.4,-190
1591,Study Initiation,0,4,9.5,-182
1591,Study Initiation,0,3,9.1,-72
1591,Study Initiation,0,2,10.1,13
1591,Study Initiation,0,1,10.3,14
1592,Study Initiation,0,5,10.1,-202
1592,Study Initiation,0,4,9.8,-161
1592,Study Initiation,0,3,10.2,-42
1592,Study Initiation,0,2,8.9,0
1592,Study Initiation,0,1,9.3,45
1593,Study Initiation,0,2,8.8,-13
1593,Study Initiation,0,1,12.4,-56
1594,Study Initiation,0,4,7.6,0
1594,Study Initiation,0,3,7.4,-177
1594,Study Initiation,0,2,7.3,-274
1594,Study Initiation,0,1,6.5,-365
1595,Study Initiation,0,1,9.0,-12
1596,Study Initiation,0,1,9.4,-106
1597,Study Initiation,0,1,6.2,0
1598,Study Initiation,0,1,8.2,0
1599,Study Initiation,0,1,8.6,1
1600,Study Initiation,0,2,7.6,48
1600,Study Initiation,0,1,14.0,-2
1601,Study Initiation,0,3,6.7,-314
1601,Study Initiation,0,2,6.8,-167
1601,Study Initiation,0,1,6.9,-34
1602,Study Initiation,0,2,9.0,41
1602,Study Initiation,0,1,13.6,0
1603,Study Initiation,0,2,6.8,41
1603,Study Initiation,0,1,9.1,-1
1604,Study Initiation,0,1,6.3,-42
1605,Study Initiation,0,2,8.6,0
1605,Study Initiation,0,3,7.6,29
1605,Study Initiation,0,1,9.4,-164
1606,Study Initiation,0,3,7.4,64
1606,Study Initiation,0,2,7.3,0
1606,Study Initiation,0,1,9.9,-44
1607,Study Initiation,0,1,11.3,0
1608,Study Initiation,0,1,7.7,-12
1609,Study Initiation,0,3,6.0,91
1609,Study Initiation,0,2,7.8,0
1609,Study Initiation,0,1,9.8,-31
1610,Study Initiation,0,3,7.6,0
1610,Study Initiation,0,2,7.6,-183
1610,Study Initiation,0,1,8.5,-283
1611,Study Initiation,0,2,11.1,-93
1611,Study Initiation,0,1,7.5,-50
1612,Study Initiation,0,1,9.4,-1
1613,Study Initiation,0,3,5.6,-85
1613,Study Initiation,0,4,6.6,-176
1613,Study Initiation,0,2,6.3,-7
1613,Study Initiation,0,1,8.3,83
1614,Study Initiation,0,1,8.4,-18
1615,Study Initiation,0,1,10.7,-1
1616,Study Initiation,0,2,7.6,-1
1616,Study Initiation,0,1,6.7,56
1618,Study Initiation,0,3,6.8,98
1618,Study Initiation,0,2,6.4,-98
1618,Study Initiation,0,1,6.2,-196
1619,Study Initiation,0,1,13.5,0
1620,Study Initiation,0,3,8.2,18
1620,Study Initiation,0,2,9.4,-22
1620,Study Initiation,0,1,9.8,-23
1621,Study Initiation,0,4,8.1,0
1621,Study Initiation,0,3,8.1,-35
1621,Study Initiation,0,2,7.3,-64
1621,Study Initiation,0,1,6.1,-128
1622,Study Initiation,0,1,10.4,0
1623,Study Initiation,0,2,9.0,0
1623,Study Initiation,0,1,9.0,94
1624,Study Initiation,0,4,6.5,0
1624,Study Initiation,0,3,6.9,-98
1624,Study Initiation,0,2,6.6,-182
1624,Study Initiation,0,1,7.2,-246
1625,Study Initiation,0,1,12.6,-1
1626,Study Initiation,0,1,8.6,-35
1627,Study Initiation,0,2,9.0,82
1627,Study Initiation,0,1,10.8,-1
1628,Study Initiation,0,1,14.0,-1
1629,Study Initiation,0,1,12.9,-17
1630,Study Initiation,0,4,8.9,119
1630,Study Initiation,0,3,9.3,0
1630,Study Initiation,0,2,8.2,-101
1630,Study Initiation,0,1,7.8,-213
1631,Study Initiation,0,4,8.7,-382
1631,Study Initiation,0,3,7.6,-291
1631,Study Initiation,0,2,7.2,-172
1631,Study Initiation,0,1,8.0,-57
1632,Study Initiation,0,3,7.0,-14
1632,Study Initiation,0,2,7.6,-138
1632,Study Initiation,0,1,10.0,-337
1633,Study Initiation,0,4,8.9,185
1633,Study Initiation,0,3,9.0,91
1633,Study Initiation,0,2,9.3,0
1633,Study Initiation,0,1,8.6,-84
1634,Study Initiation,0,4,7.5,-347
1634,Study Initiation,0,3,7.9,-221
1634,Study Initiation,0,2,8.6,-119
1634,Study Initiation,0,1,7.9,0
1635,Study Initiation,0,1,8.8,-5
1636,Study Initiation,0,1,8.7,0
1637,Study Initiation,0,1,13.0,0
1639,Study Initiation,0,1,12,1
1640,Study Initiation,0,1,12.9,-33
1641,Study Initiation,0,1,8.5,-117
1642,Study Initiation,0,1,9.6,0
1643,Study Initiation,0,4,7.4,0
1643,Study Initiation,0,3,7.6,-87
1643,Study Initiation,0,2,6.9,-210
1643,Study Initiation,0,1,7.0,-308
1644,Study Initiation,0,4,10.4,-314
1644,Study Initiation,0,3,10.2,-230
1644,Study Initiation,0,2,9.8,-146
1644,Study Initiation,0,1,9.3,-35
1646,Study Initiation,0,2,14.0,-77
1646,Study Initiation,0,1,10.7,-39
1647,Study Initiation,0,1,14,-2
1648,Study Initiation,0,1,5.8,-20
1649,Study Initiation,0,1,6.9,0
1650,Study Initiation,0,3,8.3,-364
1650,Study Initiation,0,2,7.0,-245
1650,Study Initiation,0,1,7.8,-63
1651,Study Initiation,0,2,7.4,91
1651,Study Initiation,0,1,10.2,0
1652,Study Initiation,0,1,7.9,-1
1653,Study Initiation,0,2,8.7,-184
1653,Study Initiation,0,3,9.1,-305
1653,Study Initiation,0,1,8.2,-32
1654,Study Initiation,0,1,10.6,0
1656,Study Initiation,0,1,8.6,0
1657,Study Initiation,0,3,13.7,35
1657,Study Initiation,0,2,14.0,0
1657,Study Initiation,0,1,8.0,-240
1658,Study Initiation,0,1,8.7,0
1659,Study Initiation,0,3,9.0,-91
1659,Study Initiation,0,1,9.5,-253
1659,Study Initiation,0,4,8.6,0
1659,Study Initiation,0,2,9.3,-182
1660,Study Initiation,0,2,7.5,-81
1660,Study Initiation,0,1,8.8,-129
1662,Study Initiation,0,2,6.1,119
1662,Study Initiation,0,4,6.2,360
1662,Study Initiation,0,3,6.2,245
1662,Study Initiation,0,1,6.3,0
1663,Study Initiation,0,3,8.0,-279
1663,Study Initiation,0,2,7.8,-167
1663,Study Initiation,0,1,8.0,-76
1664,Study Initiation,0,4,8.3,-384
1664,Study Initiation,0,3,7.9,-265
1664,Study Initiation,0,2,7.8,-97
1664,Study Initiation,0,1,6.9,-20
1666,Study Initiation,0,2,7.63,32
1666,Study Initiation,0,1,8.92,0
1667,Study Initiation,0,3,7.4,0
1667,Study Initiation,0,2,7.2,-83
1667,Study Initiation,0,1,6.4,-245
1668,Study Initiation,0,1,11.4,-9
1670,Study Initiation,0,3,8.4,0
1670,Study Initiation,0,2,7.8,-97
1670,Study Initiation,0,1,8.2,-189
1671,Study Initiation,0,1,10.0,1
1672,Study Initiation,0,1,7.1,-42
1673,Study Initiation,0,3,7.2,-84
1673,Study Initiation,0,1,6.9,-265
1674,Study Initiation,0,1,9.7,-14
1675,Study Initiation,0,3,7.4,91
1675,Study Initiation,0,2,10.3,0
1675,Study Initiation,0,1,6.9,-140
1676,Study Initiation,0,2,6.3,105
1676,Study Initiation,0,1,8.5,0
1677,Study Initiation,0,2,5.9,0
1677,Study Initiation,0,1,7.4,-95
1678,Study Initiation,0,1,8.8,-6
1679,Study Initiation,0,5,8.6,-352
1679,Study Initiation,0,4,9.5,-240
1679,Study Initiation,0,3,9.3,-182
1679,Study Initiation,0,2,8.8,-126
1679,Study Initiation,0,1,8.2,-29
1680,Study Initiation,0,2,7.9,-94
1680,Study Initiation,0,1,7.7,-99
1680,Study Initiation,0,3,8.1,-44
1681,Study Initiation,0,1,8.2,43
1683,Study Initiation,0,1,7.7,75
1684,Study Initiation,0,3,6.7,0
1684,Study Initiation,0,2,6.7,-123
1684,Study Initiation,0,1,6.4,-242
1685,Study Initiation,0,4,7.3,112
1685,Study Initiation,0,3,7.3,0
1685,Study Initiation,0,2,7.5,-103
1685,Study Initiation,0,1,6.9,-194
1686,Study Initiation,0,2,6.2,71
1686,Study Initiation,0,1,9.3,0
1687,Study Initiation,0,3,11.3,-108
1687,Study Initiation,0,4,10.1,-213
1687,Study Initiation,0,1,10.8,-1
1687,Study Initiation,0,2,12.0,-38
1688,Study Initiation,0,1,10.4,0
1689,Study Initiation,0,2,7.5,-42
1689,Study Initiation,0,1,8.6,-278
1690,Study Initiation,0,4,11.3,-1
1690,Study Initiation,0,3,8.9,31
1690,Study Initiation,0,2,9.2,115
1690,Study Initiation,0,1,8.4,208
1691,Study Initiation,0,2,6.4,-37
1691,Study Initiation,0,1,7.6,-130
1692,Study Initiation,0,1,6.9,-88
1693,Study Initiation,0,1,11.6,0
1694,Study Initiation,0,4,9.4,77
1694,Study Initiation,0,3,9.0,0
1694,Study Initiation,0,2,11.3,-91
1694,Study Initiation,0,1,9.7,-196
1695,Study Initiation,0,2,6.4,56
1695,Study Initiation,0,1,8.1,0
1696,Study Initiation,0,1,11.4,0
1697,Study Initiation,0,3,8.6,-304
1697,Study Initiation,0,2,8.9,-209
1697,Study Initiation,0,1,8.8,-111
1698,Study Initiation,0,4,7.6,-292
1698,Study Initiation,0,3,7.9,-208
1698,Study Initiation,0,2,8.9,-112
1698,Study Initiation,0,1,8.0,-21
1699,Study Initiation,0,1,7.9,-25
1700,Study Initiation,0,1,7.0,-11
1701,Study Initiation,0,1,13.7,-36
1703,Study Initiation,0,1,6.3,56
1704,Study Initiation,0,1,14,-77
1705,Study Initiation,0,3,10.8,-1
1705,Study Initiation,0,2,8.0,30
1705,Study Initiation,0,1,6.1,121
1706,Study Initiation,0,1,11.7,-92
1707,Study Initiation,0,1,7.8,-81
1708,Study Initiation,0,4,9.6,-49
1708,Study Initiation,0,3,9.5,-91
1708,Study Initiation,0,2,10.1,-154
1708,Study Initiation,0,1,8.5,-273
1709,Study Initiation,0,1,6.9,-19
1710,Study Initiation,0,1,12.6,-1
1711,Study Initiation,0,1,9.8,0
1712,Study Initiation,0,1,7.9,0
1713,Study Initiation,0,3,8.5,0
1713,Study Initiation,0,2,6.6,-84
1713,Study Initiation,0,1,7.4,-154
1714,Study Initiation,0,2,6.4,42
1714,Study Initiation,0,1,7.6,0
1715,Study Initiation,0,1,9.1,0
1715,Study Initiation,0,2,8.3,35
1716,Study Initiation,0,2,7.8,-153
1716,Study Initiation,0,1,8.8,-55
1718,Study Initiation,0,3,9.0,0
1718,Study Initiation,0,2,8.8,-86
1718,Study Initiation,0,1,9.3,-198
1719,Study Initiation,0,1,9.1,0
1720,Study Initiation,0,3,9.8,147
1720,Study Initiation,0,1,8.8,-126
1720,Study Initiation,0,2,9.0,0
1721,Study Initiation,0,3,7.6,0
1721,Study Initiation,0,2,7.5,-92
1721,Study Initiation,0,1,6.7,-302
1722,Study Initiation,0,1,8.8,56
1723,Study Initiation,0,1,8.0,-29
1724,Study Initiation,0,6,10.2,-224
1724,Study Initiation,0,5,10.1,-196
1724,Study Initiation,0,4,9.9,-149
1724,Study Initiation,0,3,9.7,-100
1724,Study Initiation,0,2,9.6,0
1724,Study Initiation,0,1,10.0,91
1726,Study Initiation,0,1,9.3,0
1727,Study Initiation,0,1,10.0,3
1728,Study Initiation,0,3,5.4,96
1728,Study Initiation,0,2,5.3,63
1728,Study Initiation,0,1,7.8,0
1729,Study Initiation,0,3,6.9,-351
1729,Study Initiation,0,2,7.5,-128
1729,Study Initiation,0,1,7.5,-36
1730,Study Initiation,0,2,8.3,-294
1730,Study Initiation,0,1,7.8,-28
1731,Study Initiation,0,1,8.6,0
1732,Study Initiation,0,5,8.1,-1
1732,Study Initiation,0,4,7.8,-99
1732,Study Initiation,0,3,7.3,-189
1732,Study Initiation,0,2,7.6,-244
1732,Study Initiation,0,1,6.7,-319
1733,Study Initiation,0,7,8.8,-323
1733,Study Initiation,0,6,7.5,-231
1733,Study Initiation,0,5,7.6,-176
1733,Study Initiation,0,4,7.6,-161
1733,Study Initiation,0,3,7.9,-135
1733,Study Initiation,0,2,7.8,-32
1733,Study Initiation,0,1,7.9,-78
1734,Study Initiation,0,4,6.9,30
1734,Study Initiation,0,2,7.1,-173
1734,Study Initiation,0,1,6.4,-315
1734,Study Initiation,0,3,7.0,-77
1735,Study Initiation,0,4,7.0,0
1735,Study Initiation,0,2,8.4,-189
1735,Study Initiation,0,3,7.8,-91
1735,Study Initiation,0,1,7.9,-301
1736,Study Initiation,0,1,5.8,63
1737,Study Initiation,0,4,7.1,91
1737,Study Initiation,0,3,6.6,0
1737,Study Initiation,0,1,7.1,-217
1737,Study Initiation,0,2,7.0,-98
1738,Study Initiation,0,3,8.0,0
1738,Study Initiation,0,2,7.6,-186
1738,Study Initiation,0,1,7.8,-278
1739,Study Initiation,0,2,6.0,48
1739,Study Initiation,0,1,7.6,0
1740,Study Initiation,0,2,12.1,16
1740,Study Initiation,0,1,14.5,0
1741,Study Initiation,0,1,9.7,0
1742,Study Initiation,0,3,11.7,0
1742,Study Initiation,0,2,12.9,-56
1742,Study Initiation,0,1,10.9,-272
1743,Study Initiation,0,3,6.7,-190
1743,Study Initiation,0,2,7.0,-106
1743,Study Initiation,0,1,6.9,-8
1745,Study Initiation,0,1,9.1,-273
1745,Study Initiation,0,3,8.5,-91
1745,Study Initiation,0,2,9.0,-182
1745,Study Initiation,0,4,8.1,0
1746,Study Initiation,0,1,9.9,-1
1747,Study Initiation,0,3,7.4,8
1747,Study Initiation,0,2,7.4,-138
1747,Study Initiation,0,1,7.3,-195
1748,Study Initiation,0,2,7.9,-61
1748,Study Initiation,0,1,9.5,-94
1749,Study Initiation,0,1,7.5,42
1750,Study Initiation,0,4,7.0,-242
1750,Study Initiation,0,3,7.8,-147
1750,Study Initiation,0,2,7.6,-14
1750,Study Initiation,0,1,7.2,79
1751,Study Initiation,0,3,10.2,-6
1751,Study Initiation,0,2,5.1,40
1751,Study Initiation,0,1,5.1,133
1753,Study Initiation,0,3,7.7,-91
1753,Study Initiation,0,1,7.4,147
1753,Study Initiation,0,2,7.3,0
1754,Study Initiation,0,2,10.5,-100
1754,Study Initiation,0,1,8.3,0
1755,Study Initiation,0,2,7.3,-6
1755,Study Initiation,0,1,9.6,-77
1756,Study Initiation,0,2,6.9,98
1756,Study Initiation,0,1,7.9,0
1757,Study Initiation,0,2,9.8,-137
1757,Study Initiation,0,1,10.9,-24
1758,Study Initiation,0,1,11.1,-33
1759,Study Initiation,0,1,7.8,-163
1761,Study Initiation,0,3,8.7,98
1761,Study Initiation,0,2,11.1,0
1761,Study Initiation,0,1,9.1,-110
1762,Study Initiation,0,2,7.6,103
1762,Study Initiation,0,1,11.4,0
1763,Study Initiation,0,5,9.6,0
1763,Study Initiation,0,4,9.2,-112
1763,Study Initiation,0,3,9.4,-112
1763,Study Initiation,0,2,7.8,-250
1763,Study Initiation,0,1,8.8,-299
1764,Study Initiation,0,3,9.4,-1
1764,Study Initiation,0,2,10.0,-26
1764,Study Initiation,0,1,7.3,-168
1765,Study Initiation,0,1,13.1,-2
1766,Study Initiation,0,2,7.8,0
1766,Study Initiation,0,1,10.4,-74
1768,Study Initiation,0,5,8.3,0
1768,Study Initiation,0,4,9.0,-80
1768,Study Initiation,0,3,8.0,-163
1768,Study Initiation,0,2,9.0,-245
1768,Study Initiation,0,1,8.2,-303
1770,Study Initiation,0,1,13.3,0
1771,Study Initiation,0,1,10.6,-32
1772,Study Initiation,0,2,8.4,-217
1772,Study Initiation,0,4,7.1,0
1772,Study Initiation,0,1,7.7,-336
1772,Study Initiation,0,3,6.6,-126
1773,Study Initiation,0,1,10.8,0
1774,Study Initiation,0,2,7.9,102
1774,Study Initiation,0,1,9.2,0
1775,Study Initiation,0,4,7.4,-350
1775,Study Initiation,0,3,7.3,-266
1775,Study Initiation,0,2,7.3,-152
1775,Study Initiation,0,1,7.5,-84
1776,Study Initiation,0,2,8.0,41
1776,Study Initiation,0,1,12.5,0
1777,Study Initiation,0,4,7.7,-245
1777,Study Initiation,0,3,8.0,-167
1777,Study Initiation,0,2,7.0,-126
1777,Study Initiation,0,1,6.9,-40
1778,Study Initiation,0,1,8.0,-232
1778,Study Initiation,0,2,7.8,-112
1778,Study Initiation,0,3,8.1,0
1779,Study Initiation,0,1,9.4,-53
1780,Study Initiation,0,2,9.1,-40
1780,Study Initiation,0,1,14.0,-86
1782,Study Initiation,0,2,14,20
1782,Study Initiation,0,1,14,0
1783,Study Initiation,0,1,7.3,-35
1784,Study Initiation,0,3,8.1,-312
1784,Study Initiation,0,2,8.7,-200
1784,Study Initiation,0,1,9.2,0
1786,Study Initiation,0,1,11.4,-20
1787,Study Initiation,0,3,5.8,135
1787,Study Initiation,0,2,8.8,41
1787,Study Initiation,0,1,13.7,0
1788,Study Initiation,0,5,7.5,0
1788,Study Initiation,0,4,7.9,0
1788,Study Initiation,0,3,9.1,-56
1788,Study Initiation,0,2,8.8,-225
1788,Study Initiation,0,1,8.0,-338
1789,Study Initiation,0,5,10.0,0
1789,Study Initiation,0,4,11.9,-50
1789,Study Initiation,0,3,8.7,-153
1789,Study Initiation,0,2,9.4,-238
1789,Study Initiation,0,1,8.9,-281
1790,Study Initiation,0,1,9.4,-83
1791,Study Initiation,0,1,10.9,0
1792,Study Initiation,0,1,12.4,0
1793,Study Initiation,0,2,7.6,0
1793,Study Initiation,0,1,7.7,-131
1794,Study Initiation,0,1,6.9,74
1795,Study Initiation,0,1,13.8,-60
1796,Study Initiation,0,3,7.7,-181
1796,Study Initiation,0,2,6.8,-97
1796,Study Initiation,0,1,7.0,0
1797,Study Initiation,0,3,8.7,0
1797,Study Initiation,0,2,9.5,-286
1797,Study Initiation,0,1,8.2,-100
1798,Study Initiation,0,1,9.6,40
